MAE,MSE,MAPE,R2
28.92981315218215,21104.973592711594,2976442736579450.5,0.7487268142332235
